Title,Company,Link
Senior Software Engineer (Django/Python),ActionKit (NGP VAN / Bonterra),https://weworkremotely.com//company/actionkit-ngp-van-bonterra
"Senior Open Source Developer & DevOps (Python, Django, React, AWS/OpenStack)",OpenCraft,https://weworkremotely.com//company/opencraft
(Senior) Python Full Stack Software Developer,Optimile,https://weworkremotely.com//company/optimile
Python Developer - Remote,"Upstack Technologies, Inc.",https://weworkremotely.com//company/upstack-technologies-inc
Senior Python Developer - Full Remote,Ebury,https://weworkremotely.com//company/ebury
Senior Backend Engineer (Python),TestGorilla,https://weworkremotely.com//company/testgorilla
Backend Engineer (Python),TestGorilla,https://weworkremotely.com//company/testgorilla
Senior Python Engineer - Data Engineering & Data Science Generalist,Baker Engine,https://weworkremotely.com//company/baker-engine
Python Engineer,Shake,https://weworkremotely.com//company/shake
Senior Backend Engineer - Python,"TheoremOne, LLC",https://weworkremotely.com//company/theoremone-llc
Senior Python Back-End Engineer,Synergy Sports,https://weworkremotely.com//company/synergy-sports
Python Platform Engineer,Doximity,https://weworkremotely.com//company/doximity
Backend developer (Python),Ferpection,https://weworkremotely.com//company/ferpection
Software Engineer - Backend/Python (100% Remote),Close,https://weworkremotely.com//company/close
Python Developer,X-Team,https://weworkremotely.com//company/x-team
"Senior QA Software Test Automation Engineer – Python – Cyprus, Greece, Remote",XM,https://weworkremotely.com//company/xm
"Software Development Engineer in Test – Python – Cyprus, Greece or Remote",XM,https://weworkremotely.com//company/xm
Manager Actuarial Pricing,Hippo Insurance,https://remoteok.com//remote-jobs/111422-remote-manager-actuarial-pricing-hippo-insurance
Data Engineer,Doximity,https://remoteok.com//remote-jobs/111386-remote-data-engineer-doximity
Golang Developer the US,Nav,https://remoteok.com//remote-jobs/111261-remote-golang-developer-the-us-nav
Python Platform Engineer,Doximity,https://remoteok.com//remote-jobs/110704-remote-python-platform-engineer-doximity
Senior Python Developer,ReadyTal,https://remoteok.com//remote-jobs/110044-remote-senior-python-developer-readytal
Intermediate Senior Full Stack Developer,ReadyTal,https://remoteok.com//remote-jobs/110042-remote-intermediate-senior-full-stack-developer-readytal
Senior Python Developer,InvestSuite,https://remoteok.com//remote-jobs/111246-remote-senior-python-developer-investsuite
Data Engineer,Doximity,https://remoteok.com//remote-jobs/111215-remote-data-engineer-doximity
Staff Full Stack Software Engineer,ServiceBell,https://remoteok.com//remote-jobs/111204-remote-staff-full-stack-software-engineer-servicebell
Senior Software Engineer,Commit,https://remoteok.com//remote-jobs/111143-remote-senior-software-engineer-commit
Full Stack Engineer,Laskie,https://remoteok.com//remote-jobs/111042-remote-full-stack-engineer-laskie
Senior Front End Engineer,Atlas Health,https://remoteok.com//remote-jobs/110947-remote-senior-frontend-engineer-atlas-health
Manager Quality Assurance Wavelo,Tucows,https://remoteok.com//remote-jobs/110895-remote-manager-qa-wavelo-tucows
Anti Fraud Data Science Manager,Sendwave,https://remoteok.com//remote-jobs/110852-remote-anti-fraud-data-science-manager-sendwave
Senior Android Engineer,Sendwave,https://remoteok.com//remote-jobs/110851-remote-senior-android-engineer-sendwave
Senior iOS Engineer,Sendwave,https://remoteok.com//remote-jobs/110849-remote-senior-ios-engineer-sendwave
Senior Full Stack Developer,Commit,https://remoteok.com//remote-jobs/110451-remote-senior-full-stack-developer-commit
Software Engineer,Koffie Labs,https://remoteok.com//remote-jobs/110442-remote-software-engineer-koffie-labs
Senior React Native Developer,Chefman,https://remoteok.com//remote-jobs/111300-remote-senior-react-native-developer-chefman
C++ Engineer Logistics API,Mapbox,https://remoteok.com//remote-jobs/111224-remote-c-engineer-logistics-api-mapbox
Staff Software Engineer Data,Fanatics,https://remoteok.com//remote-jobs/111223-remote-staff-software-engineer-data-fanatics
Senior Blockchain Developer,Pocket Worlds,https://remoteok.com//remote-jobs/111194-remote-senior-blockchain-developer-pocket-worlds
Software Engineer,Valon,https://remoteok.com//remote-jobs/111173-remote-software-engineer-valon
Fullstack Software Engineer,Meili,https://remoteok.com//remote-jobs/111168-remote-fullstack-software-engineer-meili
Software Engineer Insights,Mediafly,https://remoteok.com//remote-jobs/111139-remote-software-engineer-insights-mediafly
Android Solution Engineer,Memfault,https://remoteok.com//remote-jobs/111130-remote-android-solution-engineer-memfault
Cloud Engineer Systems Data,Memfault,https://remoteok.com//remote-jobs/111129-remote-cloud-engineer-systems-data-memfault
Python Backend Engineer,Memfault,https://remoteok.com//remote-jobs/111127-remote-python-backend-engineer-memfault
Senior Backend Engineer,"Findhelp, A Public Benefit Corporation",https://remoteok.com//remote-jobs/111122-remote-senior-backend-engineer-findhelp-a-public-benefit-corporation
Systems Engineer,Generally Intelligent,https://remoteok.com//remote-jobs/111111-remote-systems-engineer-generally-intelligent
Software Engineer Full Stack Growth,Connectly,https://remoteok.com//remote-jobs/111059-remote-software-engineer-full-stack-growth-connectly
Backend Engineer,Loft Orbital Solutions,https://remoteok.com//remote-jobs/111052-remote-backend-engineer-loft-orbital-solutions
Director of Evangelism,Temporal Technologies Inc.,https://remoteok.com//remote-jobs/110986-remote-director-of-evangelism-temporal-technologies-inc
Backend Engineer,Temporal Technologies Inc.,https://remoteok.com//remote-jobs/110984-remote-backend-engineer-temporal-technologies-inc
Developer Success Engineer,Temporal Technologies Inc.,https://remoteok.com//remote-jobs/110983-remote-developer-success-engineer-temporal-technologies-inc
Destiny Senior VFX Artist,Bungie,https://remoteok.com//remote-jobs/110968-remote-destiny-senior-vfx-artist-bungie
Support Engineering Manager,Foursquare,https://remoteok.com//remote-jobs/110935-remote-support-engineering-manager-foursquare
Senior Systems Administrator,Framestore,https://remoteok.com//remote-jobs/110874-remote-senior-systems-administrator-framestore
Full Stack Senior Software Engineer,Mavrck,https://remoteok.com//remote-jobs/110754-remote-full-stack-senior-software-engineer-mavrck
Software Engineer Golang Python Android Anbox Cloud,Canonical - Jobs,https://remoteok.com//remote-jobs/110748-remote-software-engineer-golang-python-android-anbox-cloud-canonical-jobs
DevOps Engineer,CLEAR - Corporate,https://remoteok.com//remote-jobs/110556-remote-devops-engineer-clear-corporate
Cloud Database Engineer L2,Splash Financial,https://remoteok.com//remote-jobs/110435-remote-cloud-database-engineer-l2-splash-financial
Software Engineer Privacy,HealthVerity,https://remoteok.com//remote-jobs/110413-remote-software-engineer-privacy-healthverity
Software Engineer Data Transmission,HealthVerity,https://remoteok.com//remote-jobs/110412-remote-software-engineer-data-transmission-healthverity
Front End Engineer,Phylum,https://remoteok.com//remote-jobs/110386-remote-frontend-engineer-phylum
Senior Software Engineer,Phylum,https://remoteok.com//remote-jobs/110385-remote-senior-software-engineer-phylum
Staff Software Engineer,Nylas,https://remoteok.com//remote-jobs/110371-remote-staff-software-engineer-nylas
Software Engineer,Waabi Innovation Inc.,https://remoteok.com//remote-jobs/110365-remote-software-engineer-waabi-innovation-inc
Software Engineer Autonomy Tools,Waabi Innovation Inc.,https://remoteok.com//remote-jobs/110364-remote-software-engineer-autonomy-tools-waabi-innovation-inc
Senior Software Engineer Mapping,Waabi Innovation Inc.,https://remoteok.com//remote-jobs/110363-remote-senior-software-engineer-mapping-waabi-innovation-inc
Software Engineer Simulation,Waabi Innovation Inc.,https://remoteok.com//remote-jobs/110362-remote-software-engineer-simulation-waabi-innovation-inc
Senior DevOps Engineer,DrChrono,https://remoteok.com//remote-jobs/110195-remote-senior-devops-engineer-drchrono
Quality Assurance Analyst I,Milk Moovement,https://remoteok.com//remote-jobs/110180-remote-qa-analyst-i-milk-moovement
Site Reliability Engineer,Tickitto AI Ltd,https://remoteok.com//remote-jobs/110153-remote-site-reliability-engineer-tickitto-ai-ltd
Front End Web Developer Partially for Texas Residents,SpectrumAM,https://remoteok.com//remote-jobs/110102-remote-front-end-web-developer-partially-for-texas-residents-spectrumam
Senior Privacy Engineer,GoFundMe,https://remoteok.com//remote-jobs/110035-remote-senior-privacy-engineer-gofundme
Cloud Support Engineer,Zadara,https://remoteok.com//remote-jobs/109932-remote-cloud-support-engineer-zadara
Full Stack Engineer,Roboflow,https://remoteok.com//remote-jobs/109808-remote-full-stack-engineer-roboflow
Data Analytics Engineer,HealthVerity,https://remoteok.com//remote-jobs/109806-remote-data-analytics-engineer-healthverity
Technical Product Manager,Mythical Games,https://remoteok.com//remote-jobs/109781-remote-technical-product-manager-mythical-games
DevOps Security Engineer,TigerConnect,https://remoteok.com//remote-jobs/109602-remote-devops-security-engineer-tigerconnect
Tier 3 Escalation Engineer,Smartsheet,https://remoteok.com//remote-jobs/109587-remote-tier-3-escalation-engineer-smartsheet
Lead Data Scientist,Nielsen,https://remoteok.com//remote-jobs/109513-remote-lead-data-scientist-nielsen
Software Engineer Backend,Aquarium,https://remoteok.com//remote-jobs/109484-remote-software-engineer-backend-aquarium
Software Engineer Full Stack,Aquarium,https://remoteok.com//remote-jobs/109483-remote-software-engineer-full-stack-aquarium
Software Engineer Infrastructure,Aquarium,https://remoteok.com//remote-jobs/109482-remote-software-engineer-infrastructure-aquarium
Network Engineer,"Vox Media, LLC",https://remoteok.com//remote-jobs/109475-remote-network-engineer-vox-media-llc
Software Engineer III Full Stack with Back End,Ad Hoc Company Website,https://remoteok.com//remote-jobs/109440-remote-software-engineer-iii-full-stack-with-back-end-ad-hoc-company-website
Senior Devsecops Engineer,TigerConnect,https://remoteok.com//remote-jobs/109400-remote-senior-devsecops-engineer-tigerconnect
DevOps Engineer,HealthVerity,https://remoteok.com//remote-jobs/109299-remote-devops-engineer-healthverity
Product Owner Analytics,flaconi,https://remoteok.com//remote-jobs/109251-remote-product-owner-analytics-flaconi
Android Software Engineer,Contentsquare,https://remoteok.com//remote-jobs/109245-remote-android-software-engineer-contentsquare
Staff SRE Observability Expert,RapidAPI,https://remoteok.com//remote-jobs/109199-remote-staff-sre-observability-expert-rapidapi
Senior Data Scientist Economy Analytics,Reddit,https://remoteok.com//remote-jobs/109190-remote-senior-data-scientist-economy-analytics-reddit
Engineering Manager iOS Platform,Reddit,https://remoteok.com//remote-jobs/109189-remote-engineering-manager-ios-platform-reddit
Senior Data Scientist Ads Marketplace Analytics,Reddit,https://remoteok.com//remote-jobs/109099-remote-senior-data-scientist-ads-marketplace-analytics-reddit
Senior Backend Developer,Octopus Energy,https://remoteok.com//remote-jobs/109089-remote-senior-backend-developer-octopus-energy
Learning Assistant Cybersecurity Program,Trilogy Education,https://remoteok.com//remote-jobs/109088-remote-learning-assistant-cybersecurity-program-trilogy-education
Staff Data Scientist Decisions Product,Lyft,https://remoteok.com//remote-jobs/109085-remote-staff-data-scientist-decisions-product-lyft
Engineering Manager Payments,Stellar Health,https://remoteok.com//remote-jobs/109077-remote-engineering-manager-payments-stellar-health
Corporate Security Engineer,Reddit,https://remoteok.com//remote-jobs/109050-remote-corporate-security-engineer-reddit
Cloud Engineer,Sidero,https://remoteok.com//remote-jobs/109030-remote-cloud-engineer-sidero
Backend Engineer Ads Planning & Opportunity,Reddit,https://remoteok.com//remote-jobs/109019-remote-backend-engineer-ads-planning-opportunity-reddit
Full Stack Developer,News Revenue Hub,https://remoteok.com//remote-jobs/109003-remote-full-stack-developer-news-revenue-hub
Product Support Engineer Amer Flexible Weekly Schedule,Telnyx,https://remoteok.com//remote-jobs/108938-remote-product-support-engineer-amer-flexible-weekly-schedule-telnyx
Front End Engineer,News Revenue Hub,https://remoteok.com//remote-jobs/108825-remote-frontend-engineer-news-revenue-hub
Full Stack Engineer,Prelude,https://remoteok.com//remote-jobs/108821-remote-full-stack-engineer-prelude
Infrastructure Engineer,Prelude,https://remoteok.com//remote-jobs/108820-remote-infrastructure-engineer-prelude
Engineer IV Software Development,Verisign,https://remoteok.com//remote-jobs/108806-remote-engineer-iv-software-development-verisign
Senior Cloud Security Engineer Heartland,GuidePoint Security,https://remoteok.com//remote-jobs/108643-remote-senior-cloud-security-engineer-heartland-guidepoint-security
Chief Economist,Glassdoor,https://remoteok.com//remote-jobs/108641-remote-chief-economist-glassdoor
Data Engineer,Bainbridge Health,https://remoteok.com//remote-jobs/108609-remote-data-engineer-bainbridge-health
Solutions Engineer,Bainbridge Health,https://remoteok.com//remote-jobs/108608-remote-solutions-engineer-bainbridge-health
Business Intelligence Intern,Foursquare,https://remoteok.com//remote-jobs/108516-remote-business-intelligence-intern-foursquare
Senior Web Engineer Onsite from France,Airship,https://remoteok.com//remote-jobs/108509-remote-senior-web-engineer-onsite-from-france-airship
Principal Engineer Octo,Vimeo,https://remoteok.com//remote-jobs/108494-remote-principal-engineer-octo-vimeo
Senior Project Manager Imaging,Chan Zuckerberg Initiative,https://remoteok.com//remote-jobs/108401-remote-senior-project-manager-imaging-chan-zuckerberg-initiative
Principal Cloud Security Architect 100,Sprinklr,https://remoteok.com//remote-jobs/108362-remote-principal-cloud-security-architect-100-sprinklr
Data Engineer,Stuart,https://remoteok.com//remote-jobs/108356-remote-data-engineer-stuart
Senior Software Engineer Back End,Ad Hoc Team,https://remoteok.com//remote-jobs/108232-remote-senior-software-engineer-back-end-ad-hoc-team
Senior Software Engineer,Coins.ph,https://remoteok.com//remote-jobs/108200-remote-senior-software-engineer-coins-ph
Growth Manager,Ramp,https://remoteok.com//remote-jobs/108188-remote-growth-manager-ramp
Instructor Data Science,The Flatiron School,https://remoteok.com//remote-jobs/108131-remote-instructor-data-science-the-flatiron-school
Senior Software Engineer Java Boston,Cogito,https://remoteok.com//remote-jobs/108044-remote-senior-software-engineer-java-boston-cogito
Application Security Engineer,Guild Education,https://remoteok.com//remote-jobs/107839-remote-application-security-engineer-guild-education
Software Engineer Data,Pave.dev,https://remoteok.com//remote-jobs/107802-remote-software-engineer-data-pave-dev
Director of Software Engineering,Temporal Technologies Inc.,https://remoteok.com//remote-jobs/107686-remote-director-of-software-engineering-temporal-technologies-inc
Full Stack Software Engineer Marketplace,Indigo,https://remoteok.com//remote-jobs/107619-remote-full-stack-software-engineer-marketplace-indigo
Senior Software Engineer Data Exchange,Symend,https://remoteok.com//remote-jobs/107570-remote-senior-software-engineer-data-exchange-symend
Principal Security Engineer,RECUR,https://remoteok.com//remote-jobs/107569-remote-principal-security-engineer-recur
Data Science Manager Marketing,Cameo,https://remoteok.com//remote-jobs/107523-remote-data-science-manager-marketing-cameo
Senior Software Engineer Infrastructure,Skilljar,https://remoteok.com//remote-jobs/107405-remote-senior-software-engineer-infrastructure-skilljar
Research Scientist Computer Vision,Dataminr,https://remoteok.com//remote-jobs/107404-remote-research-scientist-computer-vision-dataminr
Senior Product Data Analyst,Okcoin,https://remoteok.com//remote-jobs/107377-remote-senior-product-data-analyst-okcoin
Senior Computational Neuroscientist Data Scientist,Inscopix Inc,https://remoteok.com//remote-jobs/107372-remote-senior-computational-neuroscientist-data-scientist-inscopix-inc
Data Scientist,Ntropy Network Inc,https://remoteok.com//remote-jobs/107326-remote-data-scientist-ntropy-network-inc
Data Quality Assurance Engineer Network,Techstars,https://remoteok.com//remote-jobs/107239-remote-data-qa-engineer-network-techstars
Data Engineer Explorer & Data Products,Blockchain.com,https://remoteok.com//remote-jobs/107181-remote-data-engineer-explorer-data-products-blockchain-com
Data Scientist Team Lead,infarm,https://remoteok.com//remote-jobs/107126-remote-data-scientist-team-lead-infarm
Sr Security Engineer,Tally,https://remoteok.com//remote-jobs/107082-remote-sr-security-engineer-tally
Data Scientist Fulfilment Hamburg,FREE NOW,https://remoteok.com//remote-jobs/107079-remote-data-scientist-fulfilment-hamburg-free-now
Web Application Software Architect,Aledade,https://remoteok.com//remote-jobs/107026-remote-web-application-software-architect-aledade
Engineering Manager,BrightHire,https://remoteok.com//remote-jobs/107024-remote-engineering-manager-brighthire
Lead C# Developer,CrunchTime,https://remoteok.com//remote-jobs/107007-remote-lead-c-developer-crunchtime
Senior Fullstack Engineer,ENPICOM BV,https://remoteok.com//remote-jobs/106996-remote-senior-fullstack-engineer-enpicom-bv
Senior Data Scientist Reddit Talk,Reddit,https://remoteok.com//remote-jobs/106911-remote-senior-data-scientist-reddit-talk-reddit
Solutions Architect,Flashpoint,https://remoteok.com//remote-jobs/106881-remote-solutions-architect-flashpoint
Application Security Engineer,BlackSky,https://remoteok.com//remote-jobs/106826-remote-application-security-engineer-blacksky
Senior Software Engineer,RStudio,https://remoteok.com//remote-jobs/106706-remote-senior-software-engineer-rstudio
Software Developer C C++ Go,Acronis,https://remoteok.com//remote-jobs/106674-remote-software-developer-c-c-go-acronis
Software Engineer Content Platform,Invitae,https://remoteok.com//remote-jobs/106515-remote-software-engineer-content-platform-invitae
Quality Analyst,Appnovation Technologies,https://remoteok.com//remote-jobs/106483-remote-quality-analyst-appnovation-technologies
DevOps,MonoLets,https://remoteok.com//remote-jobs/106434-remote-devops-monolets
Product Manager Imaging,Chan Zuckerberg Initiative,https://remoteok.com//remote-jobs/106304-remote-product-manager-imaging-chan-zuckerberg-initiative
Senior Back End Engineer,Onfido,https://remoteok.com//remote-jobs/106014-remote-senior-back-end-engineer-onfido
Senior Backend Engineer,Tessian,https://remoteok.com//remote-jobs/105885-remote-senior-backend-engineer-tessian
Search Engineer Technical Support,Lucidworks,https://remoteok.com//remote-jobs/105745-remote-search-engineer-technical-support-lucidworks
Backend Engineer,Prolegis,https://remoteok.com//remote-jobs/105496-remote-backend-engineer-prolegis
Senior Software Engineer,Thistle,https://remoteok.com//remote-jobs/105411-remote-senior-software-engineer-thistle
Senior Software Engineer Full Stack # Work,Aledade,https://remoteok.com//remote-jobs/105209-remote-senior-software-engineer-full-stack-aledade
Software Architect # Work,Aledade,https://remoteok.com//remote-jobs/105208-remote-software-architect-aledade
Software Engineer Full Stack Permanent US # Work,Aledade,https://remoteok.com//remote-jobs/105207-remote-software-engineer-full-stack-permanent-us-aledade
Technical Lead Software Engineer Backend Permanent U.S # Work,Aledade,https://remoteok.com//remote-jobs/105205-remote-technical-lead-software-engineer-backend-permanent-u-s-aledade
Backend Engineer,Ntropy Network Inc,https://remoteok.com//remote-jobs/105148-remote-backend-engineer-ntropy-network-inc
Staff Principal Full Stack Engineer,BrightHire,https://remoteok.com//remote-jobs/105075-remote-staff-principal-full-stack-engineer-brighthire
Senior Full Stack Engineer,BrightHire,https://remoteok.com//remote-jobs/105074-remote-senior-full-stack-engineer-brighthire
Senior Full Stack Software Engineer,Petal,https://remoteok.com//remote-jobs/105004-remote-senior-full-stack-software-engineer-petal
Software Engineer,Thistle,https://remoteok.com//remote-jobs/104989-remote-software-engineer-thistle
kt ds University,자바&파이썬 웹애플리케이션 전문가 양성과정 모집,https://www.jobkorea.co.kr/Recruit/GI_Read/38468886?Oem_Code=C1&logpath=1&stext=python&listno=1
㈜핸디소프트,[개발자채용] 빅데이터플랫폼/Python 경력 모집,https://www.jobkorea.co.kr/Recruit/GI_Read/38784473?Oem_Code=C1&logpath=1&stext=python&listno=2
링크제니시스,"자동차 SW Test 자동화 개발자 (C, C++, Python) 및 QA",https://www.jobkorea.co.kr/Recruit/GI_Read/38776920?Oem_Code=C1&logpath=1&stext=python&listno=3
㈜위대한상상,[Python] Backend Developer (Python/Tech Lead/10년이상),https://www.jobkorea.co.kr/Recruit/GI_Read/38661219?Oem_Code=C1&logpath=1&stext=python&listno=4
패스트파이브,[패스트파이브] 시니어 백엔드 개발자 (Python),https://www.jobkorea.co.kr/Recruit/GI_Read/38645178?Oem_Code=C1&logpath=1&stext=python&listno=5
패스트파이브,[패스트파이브] 주니어 백엔드 개발자 (Python),https://www.jobkorea.co.kr/Recruit/GI_Read/38645194?Oem_Code=C1&logpath=1&stext=python&listno=6
㈜엑스퍼트컨설팅,급구-엑스퍼트컨설팅에서 python 전문 강사를 모집 합니다.,https://www.jobkorea.co.kr/Recruit/GI_Read/38545876?Oem_Code=C1&logpath=1&stext=python&listno=7
한국직업전문학교,IT 강사 모집(Python),https://www.jobkorea.co.kr/Recruit/GI_Read/38472973?Oem_Code=C1&logpath=1&stext=python&listno=8
㈜이지서티,"[정규직/경력무관] 데이터분석 및 개발업무 (R,Python)",https://www.jobkorea.co.kr/Recruit/GI_Read/38362866?Oem_Code=C1&logpath=1&stext=python&listno=9
㈜와이비에스,빅데이터 및 인공지능(Python 프로그램) 분석가 채용 공고,https://www.jobkorea.co.kr/Recruit/GI_Read/38324448?Oem_Code=C1&logpath=1&stext=python&listno=10
㈜포이시스,"[본사/광고대행사업부] Java, Python,빅데이터기반 솔루션 개발 / BI 시각화 Tableau 개발 각 부문 채용",https://www.jobkorea.co.kr/Recruit/GI_Read/38187258?Oem_Code=C1&logpath=1&stext=python&listno=11
㈜인피닉,(주)인피닉 - AI Studio LAB 신입 자바&파이썬 개발자 모집,https://www.jobkorea.co.kr/Recruit/GI_Read/38162312?Oem_Code=C1&logpath=1&stext=python&listno=12
오상자이엘 ㈜,"솔루션 기반 프로그래머(C#, Python, Oracle SQL) 모집",https://www.jobkorea.co.kr/Recruit/GI_Read/38111305?Oem_Code=C1&logpath=1&stext=python&listno=13
㈜비타소프트,"인공지능 (딥러닝) 개발자, Python 능력자(신입과 경력 : 병역특례(보충역) 가능).",https://www.jobkorea.co.kr/Recruit/GI_Read/38110574?Oem_Code=C1&logpath=1&stext=python&listno=14
알피니언메디칼시스템㈜,"[일진그룹 계열사] 초음파 신호처리/영상처리 엔지니어(Matlab, Python)",https://www.jobkorea.co.kr/Recruit/GI_Read/38104109?Oem_Code=C1&logpath=1&stext=python&listno=15
㈜코리아인,"[영등포구/SAS,파이썬] 금융사 데이터분석",https://www.jobkorea.co.kr/Recruit/GI_Read/38841229?Oem_Code=C1&logpath=1&stext=python&listno=16
㈜한경닷컴,"IT 개발분야(JAVA,WEB,RPA,Python등) 실습보조강사 모십니다.",https://www.jobkorea.co.kr/Recruit/GI_Read/38586210?Oem_Code=C1&logpath=1&stext=python&listno=17
㈜이글루코퍼레이션,연구소 IT개발(서버/백엔드/프론트엔드/AI빅데이터/Java/Python/웹 퍼블리셔) 대규모 채용,https://www.jobkorea.co.kr/Recruit/GI_Read/38534121?Oem_Code=C1&logpath=1&stext=python&listno=18
㈜포이시스,"[본사/대구/부산] Java / Python 활용 / Android/ios/ 금융솔루션 개발자 및 디자이너 채용 공고(경력, 신입)",https://www.jobkorea.co.kr/Recruit/GI_Read/37972856?Oem_Code=C1&logpath=1&stext=python&listno=19
효성ITX㈜,[효성ITX] 웹개발/웹솔루션 및 파이썬(Pyton) 개발자 모집,https://www.jobkorea.co.kr/Recruit/GI_Read/38843127?Oem_Code=C1&logpath=1&stext=python&listno=20
